{"cameraMode":{"drawMode":0,"name":"Shaded","section":"Shading Mode"},"sceneLighting":false,"audioPlay":false,"sceneViewState":{"showFog":true,"showMaterialUpdate":false,"showSkybox":true,"showFlares":true,"showImageEffects":true,"showParticleSystems":true},"in2DMode":false,"pivot":{"x":18.174232482910158,"y":-22.687538146972658,"z":-20.317882537841798},"rotation":{"x":0.7060391306877136,"y":0.003186811925843358,"z":-0.00317727355286479,"w":0.7081601619720459},"size":102.62039947509766,"orthographic":true}