{"cameraMode":{"drawMode":0,"name":"Shaded","section":"Shading Mode"},"sceneLighting":false,"audioPlay":false,"sceneViewState":{"showFog":true,"showMaterialUpdate":false,"showSkybox":true,"showFlares":true,"showImageEffects":true,"showParticleSystems":true},"in2DMode":false,"pivot":{"x":-4.396484375,"y":-5.52001953125,"z":0.228240966796875},"rotation":{"x":0.029453743249177934,"y":0.9686969518661499,"z":-0.20342177152633668,"w":0.1398361176252365},"size":17.885347366333009,"orthographic":true}