{"cameraMode":{"drawMode":0,"name":"Shaded","section":"Shading Mode"},"sceneLighting":false,"audioPlay":false,"sceneViewState":{"showFog":true,"showMaterialUpdate":false,"showSkybox":true,"showFlares":true,"showImageEffects":true,"showParticleSystems":true},"in2DMode":false,"pivot":{"x":0.722900390625,"y":-5.79443359375,"z":-0.6484375},"rotation":{"x":0.18196827173233033,"y":-0.016807876527309419,"z":0.00311577832326293,"w":0.9832366704940796},"size":12.908124923706055,"orthographic":true}