{"cameraMode":{"drawMode":0,"name":"Shaded","section":"Shading Mode"},"sceneLighting":false,"audioPlay":false,"sceneViewState":{"showFog":true,"showMaterialUpdate":false,"showSkybox":false,"showFlares":true,"showImageEffects":true,"showParticleSystems":true},"in2DMode":false,"pivot":{"x":2.9965667724609377,"y":-13.342937469482422,"z":6.078608512878418},"rotation":{"x":-0.24024802446365357,"y":-0.4053741693496704,"z":0.11118319630622864,"w":-0.8750778436660767},"size":86.26001739501953,"orthographic":true}